macamodel,rcp,zone,period,annual mean P (in)
bcc-csm1-1-m,rcp45,Recharge Zone,1971-2000,29.955492654044985
bcc-csm1-1,rcp45,Recharge Zone,1971-2000,28.48554172556432
BNU-ESM,rcp45,Recharge Zone,1971-2000,28.333359035763067
CanESM2,rcp45,Recharge Zone,1971-2000,28.065702388194037
CCSM4,rcp45,Recharge Zone,1971-2000,28.975195466743134
CNRM-CM5,rcp45,Recharge Zone,1971-2000,27.986910235625775
CSIRO-Mk3-6-0,rcp45,Recharge Zone,1971-2000,29.08583415786159
GFDL-ESM2G,rcp45,Recharge Zone,1971-2000,27.933866210553244
GFDL-ESM2M,rcp45,Recharge Zone,1971-2000,29.37034747247015
HadGEM2-CC365,rcp45,Recharge Zone,1971-2000,28.676162199003404
HadGEM2-ES365,rcp45,Recharge Zone,1971-2000,29.363179903309273
inmcm4,rcp45,Recharge Zone,1971-2000,29.137836758738246
IPSL-CM5A-LR,rcp45,Recharge Zone,1971-2000,27.86298718393988
IPSL-CM5A-MR,rcp45,Recharge Zone,1971-2000,27.509459524965852
IPSL-CM5B-LR,rcp45,Recharge Zone,1971-2000,27.763899303899706
MIROC-ESM-CHEM,rcp45,Recharge Zone,1971-2000,28.531813216339668
MIROC-ESM,rcp45,Recharge Zone,1971-2000,29.05540640379617
MIROC5,rcp45,Recharge Zone,1971-2000,26.498034625972828
MRI-CGCM3,rcp45,Recharge Zone,1971-2000,28.104919664935995
NorESM1-M,rcp45,Recharge Zone,1971-2000,28.47822603244333
bcc-csm1-1-m,rcp85,Recharge Zone,1971-2000,29.955492654044985
bcc-csm1-1,rcp85,Recharge Zone,1971-2000,28.48554172556432
BNU-ESM,rcp85,Recharge Zone,1971-2000,28.333359035763067
CanESM2,rcp85,Recharge Zone,1971-2000,28.065702388194037
CCSM4,rcp85,Recharge Zone,1971-2000,28.975195466743134
CNRM-CM5,rcp85,Recharge Zone,1971-2000,27.986910235625775
CSIRO-Mk3-6-0,rcp85,Recharge Zone,1971-2000,29.08583415786159
GFDL-ESM2G,rcp85,Recharge Zone,1971-2000,27.933866210553244
GFDL-ESM2M,rcp85,Recharge Zone,1971-2000,29.37034747247015
HadGEM2-CC365,rcp85,Recharge Zone,1971-2000,28.676162199003404
HadGEM2-ES365,rcp85,Recharge Zone,1971-2000,29.363179903309273
inmcm4,rcp85,Recharge Zone,1971-2000,29.137836758738246
IPSL-CM5A-LR,rcp85,Recharge Zone,1971-2000,27.86298718393988
IPSL-CM5A-MR,rcp85,Recharge Zone,1971-2000,27.509459524965852
IPSL-CM5B-LR,rcp85,Recharge Zone,1971-2000,27.763899303899706
MIROC-ESM-CHEM,rcp85,Recharge Zone,1971-2000,28.531813216339668
MIROC-ESM,rcp85,Recharge Zone,1971-2000,29.05540640379617
MIROC5,rcp85,Recharge Zone,1971-2000,26.498034625972828
MRI-CGCM3,rcp85,Recharge Zone,1971-2000,28.104919664935995
NorESM1-M,rcp85,Recharge Zone,1971-2000,28.47822603244333
bcc-csm1-1-m,rcp45,Contributing Zone,1971-2000,31.507027483155188
bcc-csm1-1,rcp45,Contributing Zone,1971-2000,30.193749304935245
BNU-ESM,rcp45,Contributing Zone,1971-2000,29.533705152337124
CanESM2,rcp45,Contributing Zone,1971-2000,29.789343822238
CCSM4,rcp45,Contributing Zone,1971-2000,30.711010351884376
CNRM-CM5,rcp45,Contributing Zone,1971-2000,29.366181342727614
CSIRO-Mk3-6-0,rcp45,Contributing Zone,1971-2000,30.651436257431605
GFDL-ESM2G,rcp45,Contributing Zone,1971-2000,29.538553199572732
GFDL-ESM2M,rcp45,Contributing Zone,1971-2000,31.00413122734088
HadGEM2-CC365,rcp45,Contributing Zone,1971-2000,30.248856897968352
HadGEM2-ES365,rcp45,Contributing Zone,1971-2000,31.113739865528615
inmcm4,rcp45,Contributing Zone,1971-2000,30.619540499332157
IPSL-CM5A-LR,rcp45,Contributing Zone,1971-2000,29.404023453510167
IPSL-CM5A-MR,rcp45,Contributing Zone,1971-2000,28.98283477985226
IPSL-CM5B-LR,rcp45,Contributing Zone,1971-2000,29.235765975616374
MIROC-ESM-CHEM,rcp45,Contributing Zone,1971-2000,30.02381035435951
MIROC-ESM,rcp45,Contributing Zone,1971-2000,30.65667545065447
MIROC5,rcp45,Contributing Zone,1971-2000,27.921510562269333
MRI-CGCM3,rcp45,Contributing Zone,1971-2000,29.592408271548763
NorESM1-M,rcp45,Contributing Zone,1971-2000,29.991892921353205
bcc-csm1-1-m,rcp85,Contributing Zone,1971-2000,31.507027483155188
bcc-csm1-1,rcp85,Contributing Zone,1971-2000,30.193749304935245
BNU-ESM,rcp85,Contributing Zone,1971-2000,29.533705152337124
CanESM2,rcp85,Contributing Zone,1971-2000,29.789343822238
CCSM4,rcp85,Contributing Zone,1971-2000,30.711010351884376
CNRM-CM5,rcp85,Contributing Zone,1971-2000,29.366181342727614
CSIRO-Mk3-6-0,rcp85,Contributing Zone,1971-2000,30.651436257431605
GFDL-ESM2G,rcp85,Contributing Zone,1971-2000,29.538553199572732
GFDL-ESM2M,rcp85,Contributing Zone,1971-2000,31.00413122734088
HadGEM2-CC365,rcp85,Contributing Zone,1971-2000,30.248856897968352
HadGEM2-ES365,rcp85,Contributing Zone,1971-2000,31.113739865528615
inmcm4,rcp85,Contributing Zone,1971-2000,30.619540499332157
IPSL-CM5A-LR,rcp85,Contributing Zone,1971-2000,29.404023453510167
IPSL-CM5A-MR,rcp85,Contributing Zone,1971-2000,28.98283477985226
IPSL-CM5B-LR,rcp85,Contributing Zone,1971-2000,29.235765975616374
MIROC-ESM-CHEM,rcp85,Contributing Zone,1971-2000,30.02381035435951
MIROC-ESM,rcp85,Contributing Zone,1971-2000,30.65667545065447
MIROC5,rcp85,Contributing Zone,1971-2000,27.921510562269333
MRI-CGCM3,rcp85,Contributing Zone,1971-2000,29.592408271548763
NorESM1-M,rcp85,Contributing Zone,1971-2000,29.991892921353205
bcc-csm1-1-m,rcp45,Recharge Zone,1950-2005,28.283991419230926
bcc-csm1-1,rcp45,Recharge Zone,1950-2005,28.262388141774046
BNU-ESM,rcp45,Recharge Zone,1950-2005,28.275812180840315
CanESM2,rcp45,Recharge Zone,1950-2005,28.267860729466314
CCSM4,rcp45,Recharge Zone,1950-2005,28.267217795935593
CNRM-CM5,rcp45,Recharge Zone,1950-2005,28.27039039801726
CSIRO-Mk3-6-0,rcp45,Recharge Zone,1950-2005,28.282551474761583
GFDL-ESM2G,rcp45,Recharge Zone,1950-2005,28.263353770237256
GFDL-ESM2M,rcp45,Recharge Zone,1950-2005,28.283335442830612
HadGEM2-CC365,rcp45,Recharge Zone,1950-2005,28.273239043523464
HadGEM2-ES365,rcp45,Recharge Zone,1950-2005,28.286105773684888
inmcm4,rcp45,Recharge Zone,1950-2005,28.260549739985436
IPSL-CM5A-LR,rcp45,Recharge Zone,1950-2005,28.285057972764488
IPSL-CM5A-MR,rcp45,Recharge Zone,1950-2005,28.27616819488474
IPSL-CM5B-LR,rcp45,Recharge Zone,1950-2005,28.264910353698724
MIROC-ESM-CHEM,rcp45,Recharge Zone,1950-2005,28.284613613787595
MIROC-ESM,rcp45,Recharge Zone,1950-2005,28.27803457735584
MIROC5,rcp45,Recharge Zone,1950-2005,28.28311552808634
MRI-CGCM3,rcp45,Recharge Zone,1950-2005,28.268665814144182
NorESM1-M,rcp45,Recharge Zone,1950-2005,28.276180108613914
bcc-csm1-1-m,rcp85,Recharge Zone,1950-2005,28.283991419230926
bcc-csm1-1,rcp85,Recharge Zone,1950-2005,28.262388141774046
BNU-ESM,rcp85,Recharge Zone,1950-2005,28.275812180840315
CanESM2,rcp85,Recharge Zone,1950-2005,28.267860729466314
CCSM4,rcp85,Recharge Zone,1950-2005,28.267217795935593
CNRM-CM5,rcp85,Recharge Zone,1950-2005,28.27039039801726
CSIRO-Mk3-6-0,rcp85,Recharge Zone,1950-2005,28.282551474761583
GFDL-ESM2G,rcp85,Recharge Zone,1950-2005,28.263353770237256
GFDL-ESM2M,rcp85,Recharge Zone,1950-2005,28.283335442830612
HadGEM2-CC365,rcp85,Recharge Zone,1950-2005,28.273239043523464
HadGEM2-ES365,rcp85,Recharge Zone,1950-2005,28.286105773684888
inmcm4,rcp85,Recharge Zone,1950-2005,28.260549739985436
IPSL-CM5A-LR,rcp85,Recharge Zone,1950-2005,28.285057972764488
IPSL-CM5A-MR,rcp85,Recharge Zone,1950-2005,28.27616819488474
IPSL-CM5B-LR,rcp85,Recharge Zone,1950-2005,28.264910353698724
MIROC-ESM-CHEM,rcp85,Recharge Zone,1950-2005,28.284613613787595
MIROC-ESM,rcp85,Recharge Zone,1950-2005,28.27803457735584
MIROC5,rcp85,Recharge Zone,1950-2005,28.28311552808634
MRI-CGCM3,rcp85,Recharge Zone,1950-2005,28.268665814144182
NorESM1-M,rcp85,Recharge Zone,1950-2005,28.276180108613914
bcc-csm1-1-m,rcp45,Contributing Zone,1950-2005,29.860744649222568
bcc-csm1-1,rcp45,Contributing Zone,1950-2005,29.837258187787373
BNU-ESM,rcp45,Contributing Zone,1950-2005,29.850620427735155
CanESM2,rcp45,Contributing Zone,1950-2005,29.84211894533025
CCSM4,rcp45,Contributing Zone,1950-2005,29.843297241063247
CNRM-CM5,rcp45,Contributing Zone,1950-2005,29.844555637971155
CSIRO-Mk3-6-0,rcp45,Contributing Zone,1950-2005,29.85865524797115
GFDL-ESM2G,rcp45,Contributing Zone,1950-2005,29.839141602268164
GFDL-ESM2M,rcp45,Contributing Zone,1950-2005,29.858613781859347
HadGEM2-CC365,rcp45,Contributing Zone,1950-2005,29.85085428303028
HadGEM2-ES365,rcp45,Contributing Zone,1950-2005,29.86686319086754
inmcm4,rcp45,Contributing Zone,1950-2005,29.835698428578734
IPSL-CM5A-LR,rcp45,Contributing Zone,1950-2005,29.858537631612986
IPSL-CM5A-MR,rcp45,Contributing Zone,1950-2005,29.852154097949484
IPSL-CM5B-LR,rcp45,Contributing Zone,1950-2005,29.839724790547667
MIROC-ESM-CHEM,rcp45,Contributing Zone,1950-2005,29.85943490828708
MIROC-ESM,rcp45,Contributing Zone,1950-2005,29.854280962880264
MIROC5,rcp45,Contributing Zone,1950-2005,29.860570887215946
MRI-CGCM3,rcp45,Contributing Zone,1950-2005,29.846278776421798
NorESM1-M,rcp45,Contributing Zone,1950-2005,29.851596161062936
bcc-csm1-1-m,rcp85,Contributing Zone,1950-2005,29.860744649222568
bcc-csm1-1,rcp85,Contributing Zone,1950-2005,29.837258187787373
BNU-ESM,rcp85,Contributing Zone,1950-2005,29.850620427735155
CanESM2,rcp85,Contributing Zone,1950-2005,29.84211894533025
CCSM4,rcp85,Contributing Zone,1950-2005,29.843297241063247
CNRM-CM5,rcp85,Contributing Zone,1950-2005,29.844555637971155
CSIRO-Mk3-6-0,rcp85,Contributing Zone,1950-2005,29.85865524797115
GFDL-ESM2G,rcp85,Contributing Zone,1950-2005,29.839141602268164
GFDL-ESM2M,rcp85,Contributing Zone,1950-2005,29.858613781859347
HadGEM2-CC365,rcp85,Contributing Zone,1950-2005,29.85085428303028
HadGEM2-ES365,rcp85,Contributing Zone,1950-2005,29.86686319086754
inmcm4,rcp85,Contributing Zone,1950-2005,29.835698428578734
IPSL-CM5A-LR,rcp85,Contributing Zone,1950-2005,29.858537631612986
IPSL-CM5A-MR,rcp85,Contributing Zone,1950-2005,29.852154097949484
IPSL-CM5B-LR,rcp85,Contributing Zone,1950-2005,29.839724790547667
MIROC-ESM-CHEM,rcp85,Contributing Zone,1950-2005,29.85943490828708
MIROC-ESM,rcp85,Contributing Zone,1950-2005,29.854280962880264
MIROC5,rcp85,Contributing Zone,1950-2005,29.860570887215946
MRI-CGCM3,rcp85,Contributing Zone,1950-2005,29.846278776421798
NorESM1-M,rcp85,Contributing Zone,1950-2005,29.851596161062936
bcc-csm1-1-m,rcp45,Recharge Zone,2010-2039,28.15930212008553
bcc-csm1-1,rcp45,Recharge Zone,2010-2039,28.602138046325962
BNU-ESM,rcp45,Recharge Zone,2010-2039,27.70923571466775
CanESM2,rcp45,Recharge Zone,2010-2039,27.45351628736673
CCSM4,rcp45,Recharge Zone,2010-2039,29.366764539857996
CNRM-CM5,rcp45,Recharge Zone,2010-2039,27.42450615508508
CSIRO-Mk3-6-0,rcp45,Recharge Zone,2010-2039,28.2991497446812
GFDL-ESM2G,rcp45,Recharge Zone,2010-2039,25.335272942323734
GFDL-ESM2M,rcp45,Recharge Zone,2010-2039,29.858025145681353
HadGEM2-CC365,rcp45,Recharge Zone,2010-2039,27.291135999171956
HadGEM2-ES365,rcp45,Recharge Zone,2010-2039,27.019223115163975
inmcm4,rcp45,Recharge Zone,2010-2039,28.818487178300128
IPSL-CM5A-LR,rcp45,Recharge Zone,2010-2039,24.36002403513977
IPSL-CM5A-MR,rcp45,Recharge Zone,2010-2039,29.795587236817507
IPSL-CM5B-LR,rcp45,Recharge Zone,2010-2039,30.772106881044763
MIROC-ESM-CHEM,rcp45,Recharge Zone,2010-2039,25.228422486472894
MIROC-ESM,rcp45,Recharge Zone,2010-2039,32.54243335160026
MIROC5,rcp45,Recharge Zone,2010-2039,27.15653135249835
MRI-CGCM3,rcp45,Recharge Zone,2010-2039,28.93771144944444
NorESM1-M,rcp45,Recharge Zone,2010-2039,29.483663040632052
bcc-csm1-1-m,rcp85,Recharge Zone,2010-2039,28.43722754127259
bcc-csm1-1,rcp85,Recharge Zone,2010-2039,30.508523120667682
BNU-ESM,rcp85,Recharge Zone,2010-2039,27.34256601639399
CanESM2,rcp85,Recharge Zone,2010-2039,28.987493163115385
CCSM4,rcp85,Recharge Zone,2010-2039,30.82556930906548
CNRM-CM5,rcp85,Recharge Zone,2010-2039,31.41609975360522
CSIRO-Mk3-6-0,rcp85,Recharge Zone,2010-2039,26.431319852428878
GFDL-ESM2G,rcp85,Recharge Zone,2010-2039,26.554656220775207
GFDL-ESM2M,rcp85,Recharge Zone,2010-2039,30.876709408918483
HadGEM2-CC365,rcp85,Recharge Zone,2010-2039,28.08605595641693
HadGEM2-ES365,rcp85,Recharge Zone,2010-2039,28.071953065594556
inmcm4,rcp85,Recharge Zone,2010-2039,28.116953528974154
IPSL-CM5A-LR,rcp85,Recharge Zone,2010-2039,27.56208153133986
IPSL-CM5A-MR,rcp85,Recharge Zone,2010-2039,22.402900770642525
IPSL-CM5B-LR,rcp85,Recharge Zone,2010-2039,32.31951246161439
MIROC-ESM-CHEM,rcp85,Recharge Zone,2010-2039,29.559184728016817
MIROC-ESM,rcp85,Recharge Zone,2010-2039,31.597742206944123
MIROC5,rcp85,Recharge Zone,2010-2039,29.05765734945007
MRI-CGCM3,rcp85,Recharge Zone,2010-2039,30.77729505319896
NorESM1-M,rcp85,Recharge Zone,2010-2039,28.496842734111187
bcc-csm1-1-m,rcp45,Contributing Zone,2010-2039,29.546326888386556
bcc-csm1-1,rcp45,Contributing Zone,2010-2039,30.276150090535765
BNU-ESM,rcp45,Contributing Zone,2010-2039,29.45995586047854
CanESM2,rcp45,Contributing Zone,2010-2039,29.18511625471696
CCSM4,rcp45,Contributing Zone,2010-2039,30.755252402830575
CNRM-CM5,rcp45,Contributing Zone,2010-2039,28.960447078151198
CSIRO-Mk3-6-0,rcp45,Contributing Zone,2010-2039,29.88739453097004
GFDL-ESM2G,rcp45,Contributing Zone,2010-2039,26.91587251755975
GFDL-ESM2M,rcp45,Contributing Zone,2010-2039,31.73078146643918
HadGEM2-CC365,rcp45,Contributing Zone,2010-2039,28.69323880242606
HadGEM2-ES365,rcp45,Contributing Zone,2010-2039,28.55396494140241
inmcm4,rcp45,Contributing Zone,2010-2039,30.38450191987885
IPSL-CM5A-LR,rcp45,Contributing Zone,2010-2039,25.828793669387647
IPSL-CM5A-MR,rcp45,Contributing Zone,2010-2039,31.139936441160675
IPSL-CM5B-LR,rcp45,Contributing Zone,2010-2039,32.65761623089091
MIROC-ESM-CHEM,rcp45,Contributing Zone,2010-2039,26.615242243537008
MIROC-ESM,rcp45,Contributing Zone,2010-2039,34.57527920698725
MIROC5,rcp45,Contributing Zone,2010-2039,28.380264308651952
MRI-CGCM3,rcp45,Contributing Zone,2010-2039,30.33026142962559
NorESM1-M,rcp45,Contributing Zone,2010-2039,31.045588775821376
bcc-csm1-1-m,rcp85,Contributing Zone,2010-2039,30.001639499688043
bcc-csm1-1,rcp85,Contributing Zone,2010-2039,31.854151233353345
BNU-ESM,rcp85,Contributing Zone,2010-2039,28.988858814194607
CanESM2,rcp85,Contributing Zone,2010-2039,30.64409171489478
CCSM4,rcp85,Contributing Zone,2010-2039,32.27744227865888
CNRM-CM5,rcp85,Contributing Zone,2010-2039,32.8602425807151
CSIRO-Mk3-6-0,rcp85,Contributing Zone,2010-2039,27.748998712840425
GFDL-ESM2G,rcp85,Contributing Zone,2010-2039,28.46884995410947
GFDL-ESM2M,rcp85,Contributing Zone,2010-2039,32.57116970041973
HadGEM2-CC365,rcp85,Contributing Zone,2010-2039,29.405893389237434
HadGEM2-ES365,rcp85,Contributing Zone,2010-2039,29.453897150868386
inmcm4,rcp85,Contributing Zone,2010-2039,29.453403550494563
IPSL-CM5A-LR,rcp85,Contributing Zone,2010-2039,29.047786165903076
IPSL-CM5A-MR,rcp85,Contributing Zone,2010-2039,24.257885001975474
IPSL-CM5B-LR,rcp85,Contributing Zone,2010-2039,34.19438169942119
MIROC-ESM-CHEM,rcp85,Contributing Zone,2010-2039,31.02751745775199
MIROC-ESM,rcp85,Contributing Zone,2010-2039,33.46596056157039
MIROC5,rcp85,Contributing Zone,2010-2039,30.605510819119008
MRI-CGCM3,rcp85,Contributing Zone,2010-2039,32.12351400476717
NorESM1-M,rcp85,Contributing Zone,2010-2039,29.826535346342986
bcc-csm1-1-m,rcp45,Recharge Zone,2040-2069,29.484620085879328
bcc-csm1-1,rcp45,Recharge Zone,2040-2069,28.123038041943815
BNU-ESM,rcp45,Recharge Zone,2040-2069,27.50962323836505
CanESM2,rcp45,Recharge Zone,2040-2069,27.098285250431033
CCSM4,rcp45,Recharge Zone,2040-2069,28.212283843319778
CNRM-CM5,rcp45,Recharge Zone,2040-2069,29.677851218124356
CSIRO-Mk3-6-0,rcp45,Recharge Zone,2040-2069,33.226517888435545
GFDL-ESM2G,rcp45,Recharge Zone,2040-2069,25.029192539747847
GFDL-ESM2M,rcp45,Recharge Zone,2040-2069,30.48467440832812
HadGEM2-CC365,rcp45,Recharge Zone,2040-2069,29.133849656375244
HadGEM2-ES365,rcp45,Recharge Zone,2040-2069,26.79713986543829
inmcm4,rcp45,Recharge Zone,2040-2069,30.569956083202467
IPSL-CM5A-LR,rcp45,Recharge Zone,2040-2069,23.3229228064487
IPSL-CM5A-MR,rcp45,Recharge Zone,2040-2069,21.63197787725878
IPSL-CM5B-LR,rcp45,Recharge Zone,2040-2069,32.10544540084125
MIROC-ESM-CHEM,rcp45,Recharge Zone,2040-2069,28.103081695779416
MIROC-ESM,rcp45,Recharge Zone,2040-2069,31.39845389746432
MIROC5,rcp45,Recharge Zone,2040-2069,28.15955682164173
MRI-CGCM3,rcp45,Recharge Zone,2040-2069,31.925144905787732
NorESM1-M,rcp45,Recharge Zone,2040-2069,26.160953331463
bcc-csm1-1-m,rcp85,Recharge Zone,2040-2069,28.238496928459757
bcc-csm1-1,rcp85,Recharge Zone,2040-2069,28.38086774088878
BNU-ESM,rcp85,Recharge Zone,2040-2069,26.344697866176272
CanESM2,rcp85,Recharge Zone,2040-2069,28.698630114999716
CCSM4,rcp85,Recharge Zone,2040-2069,27.753353634200405
CNRM-CM5,rcp85,Recharge Zone,2040-2069,27.423206293885464
CSIRO-Mk3-6-0,rcp85,Recharge Zone,2040-2069,29.28704936618258
GFDL-ESM2G,rcp85,Recharge Zone,2040-2069,25.98063358891508
GFDL-ESM2M,rcp85,Recharge Zone,2040-2069,29.324712676140184
HadGEM2-CC365,rcp85,Recharge Zone,2040-2069,31.238468140721416
HadGEM2-ES365,rcp85,Recharge Zone,2040-2069,26.892709711639824
inmcm4,rcp85,Recharge Zone,2040-2069,28.237851238919358
IPSL-CM5A-LR,rcp85,Recharge Zone,2040-2069,26.09395313816736
IPSL-CM5A-MR,rcp85,Recharge Zone,2040-2069,21.302427456053458
IPSL-CM5B-LR,rcp85,Recharge Zone,2040-2069,31.278209714241896
MIROC-ESM-CHEM,rcp85,Recharge Zone,2040-2069,27.37294769343673
MIROC-ESM,rcp85,Recharge Zone,2040-2069,29.50005510056426
MIROC5,rcp85,Recharge Zone,2040-2069,27.381518013581896
MRI-CGCM3,rcp85,Recharge Zone,2040-2069,29.44008330598993
NorESM1-M,rcp85,Recharge Zone,2040-2069,27.909536118822228
bcc-csm1-1-m,rcp45,Contributing Zone,2040-2069,30.775271315017118
bcc-csm1-1,rcp45,Contributing Zone,2040-2069,29.92797291926127
BNU-ESM,rcp45,Contributing Zone,2040-2069,29.16155209740429
CanESM2,rcp45,Contributing Zone,2040-2069,28.719971772573896
CCSM4,rcp45,Contributing Zone,2040-2069,29.614795570182796
CNRM-CM5,rcp45,Contributing Zone,2040-2069,31.237086663805503
CSIRO-Mk3-6-0,rcp45,Contributing Zone,2040-2069,35.160188492600255
GFDL-ESM2G,rcp45,Contributing Zone,2040-2069,26.615429616537774
GFDL-ESM2M,rcp45,Contributing Zone,2040-2069,32.237387452858776
HadGEM2-CC365,rcp45,Contributing Zone,2040-2069,30.546373137255575
HadGEM2-ES365,rcp45,Contributing Zone,2040-2069,28.10590292192666
inmcm4,rcp45,Contributing Zone,2040-2069,31.86540257431015
IPSL-CM5A-LR,rcp45,Contributing Zone,2040-2069,24.702988939597624
IPSL-CM5A-MR,rcp45,Contributing Zone,2040-2069,22.659136364001004
IPSL-CM5B-LR,rcp45,Contributing Zone,2040-2069,33.67522126563153
MIROC-ESM-CHEM,rcp45,Contributing Zone,2040-2069,29.40797101692009
MIROC-ESM,rcp45,Contributing Zone,2040-2069,33.64716891920598
MIROC5,rcp45,Contributing Zone,2040-2069,29.994600611431725
MRI-CGCM3,rcp45,Contributing Zone,2040-2069,33.601572672420005
NorESM1-M,rcp45,Contributing Zone,2040-2069,27.460136254346317
bcc-csm1-1-m,rcp85,Contributing Zone,2040-2069,29.81373423639551
bcc-csm1-1,rcp85,Contributing Zone,2040-2069,30.199560246414734
BNU-ESM,rcp85,Contributing Zone,2040-2069,27.988357007372674
CanESM2,rcp85,Contributing Zone,2040-2069,30.410655814944796
CCSM4,rcp85,Contributing Zone,2040-2069,29.20904666364798
CNRM-CM5,rcp85,Contributing Zone,2040-2069,28.875086765610657
CSIRO-Mk3-6-0,rcp85,Contributing Zone,2040-2069,31.173944157163177
GFDL-ESM2G,rcp85,Contributing Zone,2040-2069,27.601122476348095
GFDL-ESM2M,rcp85,Contributing Zone,2040-2069,30.34171579039275
HadGEM2-CC365,rcp85,Contributing Zone,2040-2069,32.68651000925013
HadGEM2-ES365,rcp85,Contributing Zone,2040-2069,27.935588153621662
inmcm4,rcp85,Contributing Zone,2040-2069,29.39942851419718
IPSL-CM5A-LR,rcp85,Contributing Zone,2040-2069,27.98144092107108
IPSL-CM5A-MR,rcp85,Contributing Zone,2040-2069,22.82062595349611
IPSL-CM5B-LR,rcp85,Contributing Zone,2040-2069,33.34544735115302
MIROC-ESM-CHEM,rcp85,Contributing Zone,2040-2069,29.249363965125728
MIROC-ESM,rcp85,Contributing Zone,2040-2069,31.702108122648497
MIROC5,rcp85,Contributing Zone,2040-2069,28.98167692141971
MRI-CGCM3,rcp85,Contributing Zone,2040-2069,31.04763233477699
NorESM1-M,rcp85,Contributing Zone,2040-2069,29.34228288830108
bcc-csm1-1-m,rcp45,Recharge Zone,2070-2099,26.480358560747366
bcc-csm1-1,rcp45,Recharge Zone,2070-2099,26.128741724790856
BNU-ESM,rcp45,Recharge Zone,2070-2099,24.672045921115515
CanESM2,rcp45,Recharge Zone,2070-2099,29.380514858200463
CCSM4,rcp45,Recharge Zone,2070-2099,28.4300890696858
CNRM-CM5,rcp45,Recharge Zone,2070-2099,29.613317786260698
CSIRO-Mk3-6-0,rcp45,Recharge Zone,2070-2099,31.585675851501055
GFDL-ESM2G,rcp45,Recharge Zone,2070-2099,25.28514796333183
GFDL-ESM2M,rcp45,Recharge Zone,2070-2099,30.43629903377754
HadGEM2-CC365,rcp45,Recharge Zone,2070-2099,26.84345153323243
HadGEM2-ES365,rcp45,Recharge Zone,2070-2099,31.67298297124328
inmcm4,rcp45,Recharge Zone,2070-2099,32.20008592925782
IPSL-CM5A-LR,rcp45,Recharge Zone,2070-2099,24.660118844371716
IPSL-CM5A-MR,rcp45,Recharge Zone,2070-2099,22.19461165588132
IPSL-CM5B-LR,rcp45,Recharge Zone,2070-2099,32.26738626043476
MIROC-ESM-CHEM,rcp45,Recharge Zone,2070-2099,28.54756213943894
MIROC-ESM,rcp45,Recharge Zone,2070-2099,30.288842270419853
MIROC5,rcp45,Recharge Zone,2070-2099,31.24878537169416
MRI-CGCM3,rcp45,Recharge Zone,2070-2099,31.490615690282336
NorESM1-M,rcp45,Recharge Zone,2070-2099,28.610374543393625
bcc-csm1-1-m,rcp85,Recharge Zone,2070-2099,28.234873672026456
bcc-csm1-1,rcp85,Recharge Zone,2070-2099,27.646432091129668
BNU-ESM,rcp85,Recharge Zone,2070-2099,25.22763259378207
CanESM2,rcp85,Recharge Zone,2070-2099,28.92805028983143
CCSM4,rcp85,Recharge Zone,2070-2099,28.245589999497433
CNRM-CM5,rcp85,Recharge Zone,2070-2099,28.133681227267477
CSIRO-Mk3-6-0,rcp85,Recharge Zone,2070-2099,29.071353322010093
GFDL-ESM2G,rcp85,Recharge Zone,2070-2099,25.497259979380438
GFDL-ESM2M,rcp85,Recharge Zone,2070-2099,24.89906284790205
HadGEM2-CC365,rcp85,Recharge Zone,2070-2099,27.187281399333525
HadGEM2-ES365,rcp85,Recharge Zone,2070-2099,29.763629545484054
inmcm4,rcp85,Recharge Zone,2070-2099,28.049707553423847
IPSL-CM5A-LR,rcp85,Recharge Zone,2070-2099,20.647965012691035
IPSL-CM5A-MR,rcp85,Recharge Zone,2070-2099,19.19656581992183
IPSL-CM5B-LR,rcp85,Recharge Zone,2070-2099,29.861080861529906
MIROC-ESM-CHEM,rcp85,Recharge Zone,2070-2099,26.16599773965571
MIROC-ESM,rcp85,Recharge Zone,2070-2099,28.09792776718097
MIROC5,rcp85,Recharge Zone,2070-2099,25.060628817631308
MRI-CGCM3,rcp85,Recharge Zone,2070-2099,26.319025201137315
NorESM1-M,rcp85,Recharge Zone,2070-2099,25.781915917698168
bcc-csm1-1-m,rcp45,Contributing Zone,2070-2099,27.846998815945664
bcc-csm1-1,rcp45,Contributing Zone,2070-2099,27.35851975901669
BNU-ESM,rcp45,Contributing Zone,2070-2099,26.12816285303789
CanESM2,rcp45,Contributing Zone,2070-2099,30.701636145428935
CCSM4,rcp45,Contributing Zone,2070-2099,29.614856670916478
CNRM-CM5,rcp45,Contributing Zone,2070-2099,30.737137666987255
CSIRO-Mk3-6-0,rcp45,Contributing Zone,2070-2099,33.50179311564882
GFDL-ESM2G,rcp45,Contributing Zone,2070-2099,26.664185916194093
GFDL-ESM2M,rcp45,Contributing Zone,2070-2099,32.49222322861476
HadGEM2-CC365,rcp45,Contributing Zone,2070-2099,28.2458225353215
HadGEM2-ES365,rcp45,Contributing Zone,2070-2099,33.628348637229166
inmcm4,rcp45,Contributing Zone,2070-2099,33.56062960457057
IPSL-CM5A-LR,rcp45,Contributing Zone,2070-2099,25.83548114450916
IPSL-CM5A-MR,rcp45,Contributing Zone,2070-2099,23.63270752370728
IPSL-CM5B-LR,rcp45,Contributing Zone,2070-2099,34.19130905061232
MIROC-ESM-CHEM,rcp45,Contributing Zone,2070-2099,30.01095244640669
MIROC-ESM,rcp45,Contributing Zone,2070-2099,32.19944884104269
MIROC5,rcp45,Contributing Zone,2070-2099,32.72603264656401
MRI-CGCM3,rcp45,Contributing Zone,2070-2099,33.16555806260974
NorESM1-M,rcp45,Contributing Zone,2070-2099,29.889157920257915
bcc-csm1-1-m,rcp85,Contributing Zone,2070-2099,29.618625321941586
bcc-csm1-1,rcp85,Contributing Zone,2070-2099,29.486918553963218
BNU-ESM,rcp85,Contributing Zone,2070-2099,27.050172731681133
CanESM2,rcp85,Contributing Zone,2070-2099,30.966816604607985
CCSM4,rcp85,Contributing Zone,2070-2099,29.573995125441204
CNRM-CM5,rcp85,Contributing Zone,2070-2099,29.011450905888346
CSIRO-Mk3-6-0,rcp85,Contributing Zone,2070-2099,30.72802511783061
GFDL-ESM2G,rcp85,Contributing Zone,2070-2099,27.320846295825405
GFDL-ESM2M,rcp85,Contributing Zone,2070-2099,26.216127549948244
HadGEM2-CC365,rcp85,Contributing Zone,2070-2099,28.34855707653087
HadGEM2-ES365,rcp85,Contributing Zone,2070-2099,31.678566672574057
inmcm4,rcp85,Contributing Zone,2070-2099,28.771194258522993
IPSL-CM5A-LR,rcp85,Contributing Zone,2070-2099,22.010154923180927
IPSL-CM5A-MR,rcp85,Contributing Zone,2070-2099,20.80737691584082
IPSL-CM5B-LR,rcp85,Contributing Zone,2070-2099,31.954001748629317
MIROC-ESM-CHEM,rcp85,Contributing Zone,2070-2099,27.81900166362898
MIROC-ESM,rcp85,Contributing Zone,2070-2099,29.95903244414972
MIROC5,rcp85,Contributing Zone,2070-2099,26.724393040331307
MRI-CGCM3,rcp85,Contributing Zone,2070-2099,27.894639523546918
NorESM1-M,rcp85,Contributing Zone,2070-2099,27.049899559074955
